organ1,mean_r
left_brain,0.230136638
right_brain,0.225288744
heart,0.317142751
left_lung,0.333965961
right_lung,0.305746854
liver,0.360946119
spleen,0.410255246
pancreas,0.449386877
left_kidney,0.43836394
right_kidney,0.417106946
prostate,0.393464602
