organ1,mean_r
left_brain,0.201678412
right_brain,0.194416224
heart,0.242307082
left_lung,0.23062836
right_lung,0.240088412
liver,0.354608241
spleen,0.419235415
pancreas,0.374988306
left_kidney,0.39870022
right_kidney,0.394888302
uterus,0.275744991
